[
  {
    "anonymous": false,
    "inputs": [
      {
        "indexed": true,
        "internalType": "int256",
        "name": "current",
        "type": "int256"
      },
      {
        "indexed": true,
        "internalType": "uint256",
        "name": "roundId",
        "type": "uint256"
      },
      {
        "indexed": false,
        "internalType": "uint256",
        "name": "timestamp",
        "type": "uint256"
      }
    ],
    "name": "AnswerUpdated",
    "type": "event"
  },
  {
    "anonymous": false,
    "inputs": [
      {
        "indexed": true,
        "internalType": "uint256",
        "name": "roundId",
        "type": "uint256"
      },
      {
        "indexed": true,
        "internalType": "address",
        "name": "startedBy",
        "type": "address"
      },
      {
        "indexed": false,
        "internalType": "uint256",
        "name": "startedAt",
        "type": "uint256"
      }
    ],
    "name": "NewRound",
    "type": "event"
  },
  {
    "inputs": [
      {
        "internalType": "uint256",
        "name": "roundId",
        "type": "uint256"
      }
    ],
    "name": "getAnswer",
    "outputs": [
      {
        "internalType": "int256",
        "name": "",
        "type": "int256"
      }
    ],
    "stateMutability": "view",
    "type": "function"
  },
  {
    "inputs": [
      {
        "internalType": "uint256",
        "name": "roundId",
        "type": "uint256"
      }
    ],
    "name": "getTimestamp",
    "outputs": [
      {
        "internalType": "uint256",
        "name": "",
        "type": "uint256"
      }
    ],
    "stateMutability": "view",
    "type": "function"
  },
  {
    "inputs": [],
    "name": "latestAnswer",
    "outputs": [
      {
        "internalType": "int256",
        "name": "",
        "type": "int256"
      }
    ],
    "stateMutability": "view",
    "type": "function"
  },
  {
    "inputs": [],
    "name": "latestRound",
    "outputs": [
      {
        "internalType": "uint256",
        "name": "",
        "type": "uint256"
      }
    ],
    "stateMutability": "view",
    "type": "function"
  },
  {
    "inputs": [],
    "name": "latestTimestamp",
    "outputs": [
      {
        "internalType": "uint256",
        "name": "",
        "type": "uint256"
      }
    ],
    "stateMutability": "view",
    "type": "function"
  }
]
