[
  {
    "inputs": [],
    "name": "getChainlinkToken",
    "outputs": [
      {
        "internalType": "address",
        "name": "",
        "type": "address"
      }
    ],
    "stateMutability": "view",
    "type": "function"
  },
  {
    "inputs": [
      {
        "internalType": "address",
        "name": "_sender",
        "type": "address"
      },
      {
        "internalType": "uint256",
        "name": "_amount",
        "type": "uint256"
      },
      {
        "internalType": "bytes",
        "name": "_data",
        "type": "bytes"
      }
    ],
    "name": "onTokenTransfer",
    "outputs": [],
    "stateMutability": "nonpayable",
    "type": "function"
  }
]
