[
  {
    "inputs": [
      {
        "internalType": "address",
        "name": "linkAddress",
        "type": "address"
      }
    ],
    "stateMutability": "nonpayable",
    "type": "constructor"
  },
  {
    "anonymous": false,
    "inputs": [
      {
        "indexed": true,
        "internalType": "address",
        "name": "sender",
        "type": "address"
      },
      {
        "indexed": true,
        "internalType": "bytes32",
        "name": "keyHash",
        "type": "bytes32"
      },
      {
        "indexed": true,
        "internalType": "uint256",
        "name": "seed",
        "type": "uint256"
      }
    ],
    "name": "RandomnessRequest",
    "type": "event"
  },
  {
    "inputs": [],
    "name": "LINK",
    "outputs": [
      {
        "internalType": "contract LinkTokenInterface",
        "name": "",
        "type": "address"
      }
    ],
    "stateMutability": "view",
    "type": "function"
  },
  {
    "inputs": [
      {
        "internalType": "bytes32",
        "name": "requestId",
        "type": "bytes32"
      },
      {
        "internalType": "uint256",
        "name": "randomness",
        "type": "uint256"
      },
      {
        "internalType": "address",
        "name": "consumerContract",
        "type": "address"
      }
    ],
    "name": "callBackWithRandomness",
    "outputs": [],
    "stateMutability": "nonpayable",
    "type": "function"
  },
  {
    "inputs": [
      {
        "internalType": "address",
        "name": "sender",
        "type": "address"
      },
      {
        "internalType": "uint256",
        "name": "fee",
        "type": "uint256"
      },
      {
        "internalType": "bytes",
        "name": "_data",
        "type": "bytes"
      }
    ],
    "name": "onTokenTransfer",
    "outputs": [],
    "stateMutability": "nonpayable",
    "type": "function"
  }
]
